{"stats":{"minecraft:custom":{"minecraft:interact_with_furnace":15,"minecraft:mob_kills":43,"minecraft:interact_with_crafting_table":4,"minecraft:leave_game":1,"minecraft:time_since_death":16666,"minecraft:time_since_rest":16717,"minecraft:sprint_one_cm":114729,"minecraft:damage_taken":610,"minecraft:walk_one_cm":153050,"minecraft:drop":14,"minecraft:damage_dealt":2810,"minecraft:swim_one_cm":26268,"minecraft:fly_one_cm":303712,"minecraft:open_chest":1,"minecraft:crouch_one_cm":289,"minecraft:play_time":31951,"minecraft:deaths":2,"minecraft:sneak_time":68,"minecraft:walk_under_water_one_cm":6748,"minecraft:jump":1180,"minecraft:walk_on_water_one_cm":9892,"minecraft:total_world_time":31951,"minecraft:fall_one_cm":31822},"minecraft:dropped":{"minecraft:wheat_seeds":43,"chococraft:gysahl_green_seeds":1,"spore:mutated_fiber":8,"minecraft:dirt":1,"mca:book_romance":1,"chococraft:gysahl_green":2},"minecraft:killed":{"minecraft:pig":2,"minecraft:salmon":17,"spore:inf_pillager":1,"minecraft:sheep":8,"minecraft:zombie":2,"minecraft:chicken":9,"minecraft:cow":4},"minecraft:killed_by":{"spore:inf_villager":1,"spore:inf_evoker":1},"minecraft:crafted":{"minecraft:cooked_beef":9,"minecraft:oak_planks":64,"minecraft:crafting_table":1,"minecraft:wooden_pickaxe":1,"minecraft:furnace":1,"minecraft:cooked_salmon":13,"minecraft:stone_axe":1,"minecraft:bread":18,"minecraft:air":0,"minecraft:stick":8,"minecraft:stone_pickaxe":1,"minecraft:stone_sword":1,"minecraft:torch":4,"minecraft:wheat":54},"minecraft:mined":{"minecraft:white_bed":1,"minecraft:crafting_table":3,"biomesoplenty:bush":3,"minecraft:grass_block":11,"biomesoplenty:high_grass_plant":55,"minecraft:tall_grass":5,"minecraft:cobblestone":2,"minecraft:hay_block":6,"minecraft:furnace":1,"minecraft:carrots":28,"minecraft:iron_ore":2,"minecraft:wheat":40,"minecraft:fletching_table":1,"minecraft:bee_nest":1,"minecraft:yellow_bed":2,"chococraft:gysahl_green":5,"minecraft:grass":55,"minecraft:coal_ore":17,"minecraft:potatoes":8,"minecraft:oak_log":22,"biomesoplenty:high_grass":25,"croptopia:salt_ore":19,"minecraft:beetroots":5,"minecraft:dirt":4,"minecraft:stone":27,"minecraft:oak_leaves":10},"minecraft:picked_up":{"minecraft:crafting_table":3,"minecraft:feather":9,"minecraft:chicken":8,"minecraft:salmon":15,"minecraft:leather":6,"minecraft:potato":8,"minecraft:oak_log":22,"minecraft:yellow_bed":2,"minecraft:dirt":4,"chococraft:gysahl_green":13,"chococraft:gold_gysahl":1,"minecraft:wheat_seeds":43,"minecraft:beef":14,"spore:mutated_fiber":8,"croptopia:roe":18,"minecraft:furnace":1,"minecraft:egg":6,"minecraft:stick":3,"minecraft:raw_iron":2,"spore:cerebrum":1,"minecraft:porkchop":3,"chococraft:gysahl_green_seeds":1,"minecraft:white_bed":1,"minecraft:carrot":27,"minecraft:rotten_flesh":4,"minecraft:beetroot_seeds":5,"minecraft:hay_block":6,"minecraft:bone_meal":3,"minecraft:bread":18,"croptopia:salt":80,"minecraft:oak_sapling":1,"minecraft:mutton":11,"minecraft:coal":23,"minecraft:white_wool":8,"minecraft:cobblestone":29},"minecraft:used":{"minecraft:stone_sword":91,"minecraft:stone_pickaxe":31,"minecraft:wooden_pickaxe":18,"minecraft:cooked_salmon":6,"minecraft:torch":2,"minecraft:dirt":3,"minecraft:crafting_table":3,"minecraft:stone_axe":11,"minecraft:cobblestone":8,"minecraft:oak_sapling":1,"minecraft:furnace":1,"minecraft:egg":6}},"DataVersion":3465}