{"stats":{"minecraft:custom":{"minecraft:time_since_rest":27102,"minecraft:interact_with_furnace":3,"minecraft:sprint_one_cm":14426,"minecraft:damage_taken":100,"minecraft:walk_one_cm":134320,"minecraft:mob_kills":3,"minecraft:drop":1,"minecraft:damage_dealt":239,"minecraft:interact_with_crafting_table":9,"minecraft:fly_one_cm":137301,"minecraft:crouch_one_cm":5041,"minecraft:play_time":27102,"minecraft:sneak_time":1423,"minecraft:walk_under_water_one_cm":4071,"minecraft:jump":135,"minecraft:leave_game":2,"minecraft:walk_on_water_one_cm":5129,"minecraft:time_since_death":27102,"minecraft:total_world_time":27102,"minecraft:fall_one_cm":1367},"minecraft:dropped":{"minecraft:iron_ingot":1},"minecraft:killed":{"minecraft:sheep":3},"minecraft:crafted":{"minecraft:oak_planks":244,"minecraft:crafting_table":4,"minecraft:stick":20,"minecraft:iron_pickaxe":1,"minecraft:iron_ingot":4,"minecraft:wooden_pickaxe":1,"minecraft:stone_pickaxe":4,"minecraft:wooden_axe":1,"minecraft:furnace":1,"minecraft:air":0,"minecraft:cooked_mutton":4},"minecraft:mined":{"minecraft:furnace":1,"minecraft:iron_ore":4,"minecraft:andesite":17,"minecraft:crafting_table":2,"minecraft:granite":21,"minecraft:grass":2,"minecraft:oak_log":52,"minecraft:grass_block":5,"minecraft:coal_ore":24,"minecraft:dirt":12,"minecraft:lapis_ore":1,"minecraft:stone":370,"minecraft:diorite":17},"minecraft:broken":{"minecraft:stone_pickaxe":2,"minecraft:wooden_axe":1,"minecraft:wooden_pickaxe":1},"minecraft:picked_up":{"minecraft:crafting_table":2,"minecraft:stick":7,"minecraft:raw_iron":4,"minecraft:andesite":17,"minecraft:oak_log":61,"minecraft:diorite":17,"minecraft:lapis_lazuli":7,"minecraft:dirt":17,"minecraft:apple":4,"minecraft:diamond":1,"minecraft:wheat_seeds":1,"minecraft:iron_ingot":1,"minecraft:granite":20,"minecraft:oak_sapling":14,"minecraft:mutton":4,"minecraft:coal":24,"minecraft:furnace":1,"minecraft:white_wool":3,"minecraft:cobblestone":370,"minecraft:egg":1},"minecraft:used":{"minecraft:wooden_axe":58,"minecraft:apple":4,"minecraft:stone_pickaxe":337,"minecraft:iron_pickaxe":59,"minecraft:wooden_pickaxe":59,"minecraft:dirt":5,"minecraft:cobblestone":1,"minecraft:crafting_table":5,"minecraft:furnace":1,"minecraft:andesite":9,"minecraft:egg":1}},"DataVersion":3465}