{"stats":{"minecraft:custom":{"minecraft:time_since_rest":30272,"minecraft:interact_with_furnace":3,"minecraft:sprint_one_cm":132218,"minecraft:damage_taken":119,"minecraft:walk_one_cm":142183,"minecraft:mob_kills":3,"minecraft:drop":1,"minecraft:damage_dealt":355,"minecraft:swim_one_cm":2143,"minecraft:interact_with_crafting_table":7,"minecraft:fly_one_cm":22572,"minecraft:crouch_one_cm":748,"minecraft:play_time":30272,"minecraft:bell_ring":1,"minecraft:sneak_time":78,"minecraft:walk_under_water_one_cm":1328,"minecraft:jump":282,"minecraft:leave_game":1,"minecraft:time_since_death":30272,"minecraft:walk_on_water_one_cm":3455,"minecraft:total_world_time":30272,"minecraft:fall_one_cm":3735},"minecraft:dropped":{"minecraft:stone_axe":1},"minecraft:killed":{"minecraft:chicken":1,"minecraft:cow":2},"minecraft:crafted":{"minecraft:cooked_beef":4,"minecraft:oak_planks":32,"minecraft:cooked_porkchop":3,"minecraft:wooden_pickaxe":1,"minecraft:stone_pickaxe":1,"minecraft:wooden_axe":1,"minecraft:furnace":1,"minecraft:stone_axe":1},"minecraft:mined":{"minecraft:hay_block":9,"minecraft:furnace":1,"spore:bloomfung2":1,"minecraft:birch_log":13,"minecraft:lily_of_the_valley":1,"biomesoplenty:pink_daffodil":1,"minecraft:crafting_table":3,"minecraft:granite":9,"minecraft:grass":39,"chococraft:gysahl_green":9,"minecraft:grass_block":15,"minecraft:oak_log":63,"biomesoplenty:high_grass":36,"minecraft:dirt":22,"biomesoplenty:high_grass_plant":72,"minecraft:tall_grass":6,"minecraft:stone":27,"minecraft:oak_leaves":2},"minecraft:broken":{"minecraft:wooden_axe":1},"minecraft:picked_up":{"minecraft:birch_log":13,"minecraft:stick":23,"minecraft:crafting_table":3,"minecraft:leather":2,"minecraft:porkchop":3,"minecraft:oak_log":60,"chococraft:gysahl_green_seeds":9,"minecraft:carrot":1,"minecraft:lily_of_the_valley":1,"minecraft:dirt":19,"chococraft:chocobo_feather":4,"chococraft:gysahl_green":23,"minecraft:apple":4,"minecraft:stone_axe":1,"minecraft:wheat_seeds":7,"minecraft:hay_block":9,"minecraft:beef":4,"minecraft:granite":9,"biomesoplenty:pink_daffodil":1,"minecraft:oak_sapling":36,"minecraft:birch_sapling":5,"minecraft:cobblestone":27,"minecraft:furnace":1},"minecraft:used":{"minecraft:wooden_axe":66,"minecraft:apple":4,"minecraft:stone_pickaxe":27,"minecraft:wooden_pickaxe":27,"minecraft:stone_axe":33,"minecraft:crafting_table":2,"minecraft:cooked_porkchop":2,"minecraft:furnace":1}},"DataVersion":3465}