{"stats":{"minecraft:custom":{"minecraft:interact_with_furnace":27,"minecraft:mob_kills":33,"minecraft:interact_with_crafting_table":9,"minecraft:leave_game":4,"minecraft:time_since_death":22718,"minecraft:sleep_in_bed":3,"minecraft:time_since_rest":22739,"minecraft:sprint_one_cm":410137,"minecraft:damage_taken":2339,"minecraft:walk_one_cm":219975,"minecraft:drop":20,"minecraft:damage_dealt":4869,"minecraft:swim_one_cm":78301,"minecraft:fly_one_cm":882010,"minecraft:play_time":105042,"minecraft:open_chest":8,"minecraft:crouch_one_cm":17974,"minecraft:deaths":5,"minecraft:sneak_time":4271,"minecraft:walk_under_water_one_cm":3237,"minecraft:jump":3388,"minecraft:walk_on_water_one_cm":11636,"minecraft:total_world_time":105042,"minecraft:fall_one_cm":114747,"minecraft:horse_one_cm":23},"minecraft:dropped":{"minecraft:wheat_seeds":23,"minecraft:glow_ink_sac":1,"minecraft:diamond":2,"minecraft:spectral_arrow":1,"spore:mutated_fiber":2,"mca:book_romance":1,"minecraft:oak_sapling":10,"tropicraft:palm_planks":10,"minecraft:arrow":1,"minecraft:leather_leggings":1,"minecraft:spider_eye":1,"minecraft:bone":2},"minecraft:killed":{"minecraft:pig":8,"minecraft:creeper":2,"monsterplus:crystal_zombie":1,"minecraft:sheep":7,"monsterplus:glow_skeleton":1,"spore:inf_human":3,"minecraft:chicken":5,"minecraft:cow":5,"chococraft:chocobo":1},"minecraft:killed_by":{"spore:busser":1,"monsterplus:crystal_zombie":1,"spore:inf_vindicator":1},"minecraft:crafted":{"minecraft:oak_planks":20,"minecraft:cooked_porkchop":10,"minecraft:crafting_table":1,"minecraft:cooked_chicken":2,"minecraft:wooden_pickaxe":1,"minecraft:baked_potato":6,"minecraft:furnace":3,"minecraft:copper_ingot":8,"minecraft:stone_axe":1,"minecraft:cooked_mutton":1,"minecraft:air":0,"ironfurnaces:copper_furnace":1,"minecraft:iron_axe":1,"minecraft:stick":8,"minecraft:iron_pickaxe":1,"minecraft:iron_ingot":6,"minecraft:stone_pickaxe":1,"chococraft:chocobo_saddle":1},"minecraft:mined":{"minecraft:white_bed":1,"ironfurnaces:copper_furnace":1,"minecraft:crafting_table":4,"biomesoplenty:bush":5,"minecraft:grass_block":7,"biomesoplenty:high_grass_plant":327,"minecraft:copper_ore":15,"minecraft:tall_grass":30,"minecraft:cobblestone":1,"minecraft:pink_petals":1,"minecraft:furnace":3,"minecraft:iron_ore":1,"biomesoplenty:pink_daffodil":1,"tropicraft:palm_planks":10,"minecraft:yellow_bed":3,"minecraft:grass":76,"chococraft:gysahl_green":7,"minecraft:oak_log":26,"minecraft:coal_ore":41,"biomesoplenty:high_grass":244,"minecraft:deepslate_iron_ore":10,"minecraft:stone":48,"minecraft:oak_leaves":5,"minecraft:deepslate":48},"minecraft:broken":{"minecraft:stone_axe":1},"minecraft:picked_up":{"minecraft:pink_petals":3,"minecraft:crafting_table":4,"minecraft:feather":5,"minecraft:chicken":5,"minecraft:glow_ink_sac":1,"minecraft:leather":4,"minecraft:oak_log":18,"minecraft:yellow_bed":3,"minecraft:gunpowder":3,"minecraft:dirt":8,"minecraft:string":2,"minecraft:raw_copper":42,"minecraft:iron_leggings":1,"chococraft:chocobo_feather":3,"minecraft:bone":2,"chococraft:gysahl_green":16,"minecraft:wheat_seeds":24,"minecraft:cobbled_deepslate":47,"minecraft:beef":7,"spore:mutated_fiber":7,"minecraft:light_gray_wool":1,"tropicraft:palm_planks":10,"minecraft:furnace":3,"minecraft:stick":8,"minecraft:raw_iron":12,"minecraft:porkchop":11,"chococraft:gysahl_green_seeds":7,"minecraft:white_bed":1,"minecraft:spectral_arrow":1,"minecraft:spider_eye":2,"monsterplus:crystal_clump":2,"minecraft:arrow":1,"minecraft:rotten_flesh":2,"minecraft:diamond":2,"minecraft:deepslate":1,"monsterplus:crystal_shard":3,"ironfurnaces:copper_furnace":1,"chococraft:chocobo_drumstick_raw":1,"minecraft:oak_sapling":13,"minecraft:mutton":11,"minecraft:coal":40,"minecraft:white_wool":6,"minecraft:cobblestone":49},"minecraft:used":{"minecraft:cooked_mutton":2,"ironfurnaces:copper_furnace":1,"monsterplus:crystal_clump":2,"minecraft:stone_pickaxe":69,"minecraft:baked_potato":6,"minecraft:wooden_pickaxe":6,"minecraft:cooked_chicken":2,"minecraft:dirt":8,"minecraft:mutton":9,"minecraft:crafting_table":4,"chococraft:chocobo_drumstick_raw":1,"minecraft:apple":4,"minecraft:iron_axe":40,"minecraft:chicken":3,"minecraft:bread":1,"minecraft:iron_pickaxe":95,"minecraft:pink_petals":3,"minecraft:light_gray_wool":1,"minecraft:stone_axe":50,"minecraft:cobblestone":3,"minecraft:beef":2,"minecraft:furnace":3,"minecraft:oak_sapling":2,"minecraft:porkchop":1,"minecraft:cooked_porkchop":10,"minecraft:yellow_bed":2,"minecraft:potato":10,"minecraft:cobbled_deepslate":14,"minecraft:iron_leggings":1}},"DataVersion":3465}