{"stats":{"minecraft:custom":{"minecraft:mob_kills":80,"minecraft:interact_with_crafting_table":25,"minecraft:leave_game":5,"minecraft:time_since_death":13511,"minecraft:climb_one_cm":4907,"minecraft:sprint_one_cm":267077,"minecraft:walk_one_cm":291480,"minecraft:damage_blocked_by_shield":1493,"minecraft:drop":13,"minecraft:damage_dealt_absorbed":138,"minecraft:play_time":122524,"minecraft:deaths":2,"minecraft:sneak_time":12290,"minecraft:walk_under_water_one_cm":12160,"minecraft:jump":2401,"minecraft:interact_with_blast_furnace":21,"minecraft:walk_on_water_one_cm":7498,"minecraft:total_world_time":122524,"minecraft:interact_with_furnace":15,"minecraft:sleep_in_bed":3,"minecraft:time_since_rest":13527,"minecraft:damage_taken":3241,"minecraft:damage_absorbed":96,"minecraft:damage_dealt":16668,"minecraft:fly_one_cm":470086,"minecraft:swim_one_cm":28928,"minecraft:open_chest":8,"minecraft:crouch_one_cm":34105,"minecraft:fall_one_cm":73245},"minecraft:dropped":{"minecraft:glow_ink_sac":2,"minecraft:diamond":2,"minecraft:oak_fence":1,"minecraft:cherry_planks":1,"minecraft:gravel":7,"minecraft:cobbled_deepslate":23,"minecraft:rotten_flesh":7},"minecraft:killed":{"minecraft:spider":6,"spore:leaper":1,"spore:inf_vindicator":1,"monsterplus:crystal_zombie":5,"minecraft:skeleton":6,"monsterplus:glow_skeleton":3,"minecraft:chicken":1,"creeperoverhaul:cave_creeper":1,"minecraft:pig":8,"spore:inf_player":2,"spore:inf_evoker":2,"spore:inf_drowned":1,"spore:inf_pillager":4,"minecraft:sheep":3,"spore:inf_villager":2,"spore:inf_human":8,"minecraft:zombie":14,"spore:inf_witch":1,"spore:claw":1,"spore:busser":1,"spore:knight":2,"minecraft:cow":6,"chococraft:chocobo":1},"minecraft:killed_by":{"spore:inf_evoker":1},"minecraft:crafted":{"minecraft:cherry_planks":4,"minecraft:oak_planks":32,"minecraft:furnace":2,"minecraft:iron_boots":1,"minecraft:iron_axe":1,"minecraft:stone_pickaxe":1,"minecraft:cooked_beef":6,"tropicraft:palm_planks":96,"minecraft:cooked_porkchop":11,"minecraft:crafting_table":3,"minecraft:wooden_pickaxe":1,"minecraft:iron_sword":2,"minecraft:stone_axe":1,"minecraft:air":0,"minecraft:iron_chestplate":1,"minecraft:shield":1,"minecraft:stick":16,"minecraft:iron_ingot":36,"minecraft:iron_pickaxe":3,"minecraft:stone_sword":1,"minecraft:iron_leggings":1,"minecraft:torch":4},"minecraft:mined":{"minecraft:tuff":20,"minecraft:deepslate_diamond_ore":15,"croptopia:strawberry_crop":1,"minecraft:cherry_log":1,"biomesoplenty:bush":2,"minecraft:grass_block":7,"minecraft:sandstone":9,"minecraft:large_fern":1,"minecraft:furnace":3,"minecraft:iron_ore":22,"minecraft:fire":2,"minecraft:cobbled_deepslate":21,"minecraft:andesite":3,"tropicraft:palm_log":24,"chococraft:gysahl_green":18,"biomesoplenty:high_grass":7,"minecraft:deepslate_iron_ore":47,"minecraft:stone":141,"minecraft:oak_fence":2,"minecraft:crafting_table":10,"minecraft:blast_furnace":7,"biomesoplenty:high_grass_plant":18,"minecraft:tall_grass":1,"minecraft:cobblestone":13,"minecraft:deepslate_gold_ore":46,"minecraft:oak_planks":1,"minecraft:diorite":1,"minecraft:yellow_bed":4,"minecraft:grass":20,"minecraft:oak_log":27,"tropicraft:palm_planks":12,"minecraft:coal_ore":30,"minecraft:gravel":1,"minecraft:sand":4,"minecraft:dirt":6,"minecraft:cobweb":9,"minecraft:oak_leaves":11,"minecraft:deepslate":176},"minecraft:broken":{"minecraft:iron_sword":1,"minecraft:iron_pickaxe":1},"minecraft:picked_up":{"chococraft:loverly_gysahl_green":2,"minecraft:crafting_table":9,"spore:mutated_heart":2,"minecraft:chicken":1,"minecraft:string":12,"minecraft:cobbled_deepslate":184,"minecraft:beef":10,"minecraft:iron_pickaxe":1,"minecraft:furnace":3,"minecraft:stick":12,"minecraft:raw_iron":67,"minecraft:sandstone":6,"minecraft:oak_fence":1,"minecraft:torch":2,"minecraft:porkchop":19,"minecraft:cherry_log":1,"croptopia:strawberry":1,"monsterplus:crystal_clump":1,"minecraft:arrow":2,"minecraft:rotten_flesh":7,"croptopia:strawberry_seed":3,"tropicraft:palm_log":24,"chococraft:chocobo_drumstick_raw":1,"spore:tendons":4,"minecraft:mutton":4,"minecraft:white_wool":3,"minecraft:cobblestone":108,"minecraft:feather":2,"minecraft:glow_ink_sac":2,"croptopia:nectarine":7,"minecraft:leather":8,"minecraft:oak_log":27,"minecraft:tuff":28,"minecraft:yellow_bed":4,"minecraft:dirt":13,"chococraft:chocobo_feather":1,"minecraft:bone":8,"chococraft:gysahl_green":45,"croptopia:sweetpotato":1,"minecraft:wheat_seeds":2,"minecraft:raw_gold":47,"minecraft:iron_ingot":32,"spore:mutated_fiber":27,"minecraft:glowstone_dust":3,"minecraft:oak_planks":1,"tropicraft:palm_planks":11,"spore:cerebrum":3,"croptopia:apricot":3,"spore:armor_fragment":14,"minecraft:gravel":10,"minecraft:sand":4,"chococraft:gysahl_green_seeds":16,"minecraft:blast_furnace":7,"minecraft:spider_eye":1,"tropicraft:coconut":7,"spore:claw_fragment":22,"croptopia:cherry":7,"minecraft:diamond":16,"spore:spine_fragment":2,"minecraft:oak_sapling":4,"minecraft:coal":78},"minecraft:used":{"minecraft:stone_sword":41,"minecraft:shield":54,"minecraft:iron_sword":315,"minecraft:iron_chestplate":1,"minecraft:torch":4,"minecraft:dirt":10,"minecraft:mutton":3,"minecraft:iron_axe":79,"minecraft:iron_boots":1,"tropicraft:palm_planks":82,"minecraft:furnace":5,"minecraft:cooked_beef":5,"croptopia:strawberry":1,"minecraft:cobbled_deepslate":139,"minecraft:iron_leggings":1,"minecraft:stone_pickaxe":44,"croptopia:apricot":3,"minecraft:wooden_pickaxe":9,"minecraft:golden_apple":3,"minecraft:crafting_table":11,"minecraft:blast_furnace":7,"croptopia:nectarine":7,"minecraft:apple":16,"minecraft:chicken":1,"minecraft:bread":11,"minecraft:iron_pickaxe":511,"minecraft:gravel":3,"minecraft:stone_axe":67,"minecraft:cobblestone":75,"minecraft:cooked_porkchop":11,"chococraft:gysahl_green":15,"minecraft:yellow_bed":4}},"DataVersion":3465}